<?xml version="1.0" encoding="UTF-8"?>
<project-private xmlns="http://www.netbeans.org/ns/project-private/1">
    <editor-bookmarks xmlns="http://www.netbeans.org/ns/editor-bookmarks/2" lastBookmarkId="0"/>
    <open-files xmlns="http://www.netbeans.org/ns/projectui-open-files/2">
        <group>
            <file>file:/D:/TAREAS%20UNIVERSIDAD/verano%202024/PruebaDeDesempeno/src/Vista/FrmInicio.java</file>
            <file>file:/D:/TAREAS%20UNIVERSIDAD/verano%202024/PruebaDeDesempeno/src/Modelo/Main.java</file>
            <file>file:/D:/TAREAS%20UNIVERSIDAD/verano%202024/PruebaDeDesempeno/src/Modelo/Errores.java</file>
        </group>
    </open-files>
</project-private>
